,Actual_Quantum yield,Predicted_Quantum yield
0,0.289923,0.38
1,0.09044006,0.063
2,-0.037260607,0.003
3,0.05340019,0.001
4,0.10072696,0.0561
5,0.46201754,0.69
6,0.27825522,0.31
7,0.14556994,0.05
8,0.11982137,0.005
9,0.2598195,0.12
10,0.095773876,0.02
11,0.53678715,0.609
12,0.067962304,0.001
13,0.2546424,0.098
14,0.26944962,0.0
15,0.50035006,0.64
16,0.083637625,0.002
17,0.34261602,0.4
18,0.11078377,0.033
19,0.56106454,0.62
20,0.6574121,0.868
21,0.14308947,0.018
22,0.87429696,0.88
23,0.11673863,0.15
24,0.21375322,0.0
25,0.2616138,0.36
26,0.40373582,0.07
27,0.6361388,0.79
28,0.34374774,0.43
29,0.109963566,0.21
30,0.22235927,0.18
31,0.38503504,0.48
32,0.30082422,0.057
33,0.7637662,0.71
34,0.9299138,0.99
35,0.4055088,0.04
36,0.1024456,0.045
37,0.052714318,0.001
38,0.017157689,1e-04
39,0.34040064,0.39
40,0.31252933,0.31
41,0.39798576,0.25
42,0.23992243,0.39
43,0.16670124,0.09
44,0.58038443,0.61
45,0.07854174,0.074
46,0.65221727,0.72
47,0.083035626,0.0565
48,0.23404312,0.26
49,0.07751329,0.024
50,0.42665422,0.08
51,0.7399653,0.65
52,0.3513202,0.44
53,0.13911086,0.01
54,0.75779974,0.62
55,0.25119758,0.11
56,0.2864919,0.24
57,0.09772172,0.006
58,0.059567347,0.0205
59,0.46879852,0.582
60,0.064024046,0.362
61,0.2674757,0.31
62,0.09306031,0.02
63,0.24342369,0.15
64,0.11071995,0.11
65,0.7691958,0.85
66,0.4631741,0.2
67,0.15370712,0.6994
68,0.37045634,0.55
69,0.10976138,0.029
70,0.32452744,0.622
71,0.15180072,0.05
72,0.3967573,0.27
73,1.0041283,0.87
74,0.47920388,0.46
75,0.8842357,0.84
76,0.21982205,0.135
77,0.4269489,0.75
78,0.02022782,0.0091
79,0.46773398,0.72
80,0.15430261,0.14
81,0.21194448,0.12
82,0.43047965,0.24
83,0.15486416,0.054
84,0.12121098,0.17
85,0.4989636,0.56
86,0.4179436,0.2
87,0.50721234,0.71
88,0.08107892,0.048
89,-0.0011560768,0.09
90,0.103605926,0.002
91,0.5543113,0.56
92,0.045792207,0.01822
93,0.46471375,0.52
94,0.07703331,0.01
95,0.25514776,0.09
96,0.12419993,0.05
97,0.055030495,0.012
98,0.4808131,0.22
99,0.113032475,0.05
100,0.5227337,0.46
101,0.12636864,0.015
102,0.04163152,0.007
103,0.6855852,0.96
104,0.1680626,0.04
105,0.30925784,0.32
106,0.9534777,0.95
107,0.46248394,0.15
108,0.3299377,0.23
109,0.68184125,0.72
110,0.917468,0.98
111,0.20848,0.1
112,0.29490423,0.75
113,0.16315886,0.14
114,0.41525364,0.41
115,0.2001293,0.05
116,0.4195177,0.18
117,0.21926248,0.2
118,0.15743297,0.0121
119,0.22258306,0.03
120,0.06670384,0.032
121,0.13880979,0.03
122,0.13212296,0.0031
123,0.7401592,0.82
124,0.24618968,0.04
125,0.4118027,0.46
126,0.62377614,0.75
127,0.34593982,0.47
128,0.14484581,0.054
129,0.13189486,0.21
130,0.6313193,0.86
131,0.2259475,0.21
132,0.39511484,0.45
133,0.27255118,0.28
134,0.15124777,0.1
135,0.9480007,0.89
136,0.14776054,0.13
137,0.45693755,0.36
138,0.8695838,0.973
139,0.34822237,0.04
140,0.84001297,0.89
141,0.07583824,0.0015
142,0.2829872,0.34
143,0.59641564,0.58
144,0.343192,0.46
145,0.04442638,0.00792
146,0.5715171,0.18
147,0.12753017,0.076
148,0.25424764,0.21
149,0.089346245,0.0086
150,0.105030075,0.006
151,0.7178628,0.78
152,0.24763566,0.166
153,0.6275462,0.54
154,0.53020704,0.42
155,0.2440951,0.035
156,0.22293717,0.24
157,0.89214164,0.97
158,0.68685097,0.75
159,0.06778315,0.125
160,0.6473296,0.7
161,0.54485756,0.58
162,0.26648098,0.45
163,0.24034306,0.3
164,0.7354894,0.78
165,0.17649342,0.12
166,0.45790166,0.45
167,0.5861024,0.43
168,0.32433483,0.12
169,0.48370427,0.2
170,0.31413946,0.08
171,0.7502928,0.63
172,0.4454722,0.64
173,0.51900584,0.45
174,0.4368174,0.5
175,0.2927166,0.21
176,0.15981193,0.121
177,-0.005199373,0.00064
178,0.15131512,0.55
179,0.42323953,0.57
180,0.06686622,0.006
181,0.42220765,0.13
182,0.68897426,0.42
183,0.03961262,0.002
184,0.58024246,0.82
185,0.47496408,0.53
186,0.26376724,0.002
187,0.29056144,0.39
188,0.5085818,0.458
189,0.36349857,0.43
190,0.4087245,0.692
191,0.13348031,0.22
192,0.03459665,0.043
193,0.10859889,1e-04
194,0.3937695,0.56
195,0.33246553,0.13
196,0.35311925,0.3
197,0.41196835,0.14
198,0.08017065,0.029
199,0.0037245005,0.01
200,0.27076355,0.24
201,0.18451059,0.06
202,0.05096081,0.0075
203,0.08033538,0.103
204,0.32448968,0.34
205,0.26317817,0.17
206,0.85689175,0.37
207,0.21683282,0.03
208,0.52232194,0.595
209,0.8031972,0.8267
210,0.09356257,0.007
211,0.4186609,0.032
212,0.6086617,0.8839
213,0.15013807,0.05
214,0.076765895,0.006
215,0.92761165,1.0
216,0.53866386,0.58
217,0.60676473,0.95
218,0.047523364,0.001
219,0.15739612,0.14
220,0.7264211,1.0
221,0.6857699,0.73
222,0.7820106,0.94
223,0.3732084,0.42
224,0.5608112,0.01
225,0.05203502,0.02
226,0.46528095,0.3
227,0.5444695,0.67
228,0.749155,1.0
229,0.8562932,0.92
230,0.3721652,0.32
231,0.49689907,0.14
232,0.7115499,0.69
233,0.24239604,0.59
234,0.04933545,0.05
235,0.12696005,0.26
236,0.061782226,0.0065
237,-0.016574696,0.05
238,0.114561185,0.4
239,0.41674733,0.118
240,0.54025376,0.5
241,0.3188511,0.33
242,0.49081576,0.57
243,0.60695565,0.612
244,0.21026064,0.174
245,0.27522743,0.226
246,0.28537226,0.28
247,0.4482502,0.75
248,0.14628047,0.07
249,0.21456847,0.59
250,0.5662457,0.46
251,0.31681067,0.43
252,0.21736257,0.208
253,0.59267044,0.6
254,0.16973086,0.8
255,0.6530685,0.9
256,0.39794844,0.62
257,0.49358213,0.51
258,0.67813766,0.9
259,0.093584836,0.003
260,0.5430061,0.61
261,0.68950826,0.72
262,0.70818776,1.0
263,0.5464574,0.58
264,0.32824585,0.37
265,0.6847697,0.66
266,0.057698503,0.001
267,0.30882114,0.19
268,0.32102805,0.4
269,0.622863,0.68
270,0.2323553,0.128
271,0.2796857,0.46
272,0.16859463,0.2
273,0.4248929,0.022
274,0.11773116,0.0021
275,0.47727948,0.37
276,0.07678275,0.034
277,0.12727574,0.111
278,0.24090512,0.243
279,0.5584485,0.03
280,0.04639907,0.011
281,0.03777869,0.002
282,0.30400926,0.26
283,0.63288957,0.5
284,0.59507704,0.59
285,0.06341183,0.09
286,0.44881752,0.0319
287,0.095943615,0.03
288,0.08231191,0.01
289,0.19855015,0.16
290,0.26692265,0.36
291,0.04358512,0.005
292,0.5701744,0.48
293,0.1652116,0.037
294,0.7203066,0.57
295,0.16913624,0.15
296,0.52253366,0.55
297,0.13569584,0.021
298,0.6005939,0.5
299,0.1898693,0.27
300,0.3391528,0.33
301,0.16627158,0.068
302,0.29220676,0.358
303,0.5867016,0.73
304,0.10510577,0.0
305,0.11099198,0.0272
306,0.22678307,0.094
307,0.16540825,0.006
308,0.7437607,0.97
309,0.08407286,0.01
310,0.10525969,0.19
311,0.37138098,0.49
312,0.37616667,0.51
313,0.6117581,0.67
314,-0.008644372,0.009
315,0.08646669,0.02
316,0.25983784,0.32
317,0.39000523,0.424
318,0.008358747,0.004
319,0.1617473,0.0332
320,0.23704547,0.025
321,0.04865992,0.13
322,0.23014764,0.25
323,0.093774356,0.202
324,-0.02900736,0.64
325,0.680347,0.68
326,0.08207254,0.056
327,0.6893207,0.73
328,0.19274424,0.18
329,0.9720516,0.97
330,0.7934962,0.98
331,0.36889195,0.37
332,0.14424309,0.003
333,0.7576234,0.72
334,0.19844456,0.012
335,0.43067038,0.61
336,0.08172885,0.0054
337,0.17729661,0.158
338,0.06836279,0.068
339,0.44168913,0.32
340,0.2854634,0.35
341,0.27282488,0.6
342,0.7684651,1.0
343,0.15736127,0.15
344,0.99661344,0.91
345,0.30556992,0.16
346,0.110979736,0.064
347,0.72622085,0.9
348,0.04515396,0.007
349,0.068103045,0.027
350,0.13694979,0.062
351,0.15719886,0.037
352,0.12001067,0.05
353,0.6054338,0.56
354,0.2142558,0.14
355,0.24105847,0.509
356,0.27435413,0.45
357,0.36046308,0.34
358,0.63378596,0.75
359,0.0011862665,0.001
360,0.2389966,0.07
361,0.6700343,0.381
362,0.042256683,0.043
363,0.6424443,0.81
364,0.114504375,0.0373
365,0.6615769,0.77
366,0.12626556,0.09
367,0.7256023,0.7
368,0.34467056,0.04
369,0.30448633,0.28
370,0.49048918,0.45
371,0.50958717,0.54
372,0.047594592,0.017
373,0.27385178,0.197
374,0.20647156,0.09
375,0.69154334,0.88
376,0.60386163,0.59
377,0.33243832,0.04
378,0.12166868,0.02
379,0.6382526,0.81
380,0.88712454,0.83
381,0.13020495,0.001
382,0.51574373,0.73
383,0.3501848,0.45
384,0.11203404,0.14
385,0.15059945,0.23
386,0.5513666,0.37
387,0.17148156,0.075
388,0.054295585,0.012
389,0.9812022,0.99
390,0.25347182,0.151
391,0.05333598,0.007
392,0.5901785,0.77
393,0.72934794,0.72
394,0.063134074,0.047
395,0.3784436,0.52
396,0.13857782,0.14
397,0.37166017,0.4
398,0.3655082,0.949
399,0.2697993,0.36
400,0.7533488,0.93
401,0.39287436,0.216
402,0.19408275,0.151
403,0.191112,0.036
404,0.85729545,0.98
405,0.19454345,0.032
406,0.3967601,0.58
407,0.18308336,0.03
408,0.0713398,0.002
409,0.1641141,0.11
410,0.068930134,0.041
411,0.23891576,0.21
412,0.038194314,0.005
413,0.17045134,0.042
414,0.623013,0.76
415,0.64571875,0.87
416,0.26588562,0.073
417,0.786164,0.876
418,0.15844566,0.01
419,0.20389812,0.14
420,-0.052035138,0.04
421,0.3019365,0.85
422,0.28827918,0.43
423,0.053284317,0.009
424,0.5428775,0.78
425,0.71853286,0.73
426,0.27288437,0.35
427,0.11961454,0.001
428,0.51052487,0.77
429,0.055261925,0.1
430,0.29951218,0.471
431,0.14440015,0.2
432,0.12725405,0.088
433,0.2483203,0.2
434,0.90686077,0.99
435,0.23277795,0.12
436,0.43952322,0.35
437,0.077205524,0.007
438,0.091581315,0.1
439,0.1749617,0.01
440,0.07085276,0.109
441,0.1894985,0.21
442,0.58261347,0.1842
443,0.09886352,0.063
444,0.27804288,0.38
445,0.4495145,0.45
446,0.07996456,0.04
447,0.24170592,0.1528
448,0.33150023,0.064
449,0.9139623,0.93
450,0.3887269,0.58
451,0.08526203,0.068
452,0.021826193,0.002
453,0.060541585,0.007
454,0.81894827,0.99
455,1.0065681,0.87
456,0.24159968,0.272
457,0.2973771,0.31
458,0.5974149,0.45
459,0.33274814,0.21
460,0.16280828,0.13
461,0.39188284,0.61
462,0.061221883,0.017
463,0.15061471,0.12
464,0.057686597,0.00116
465,0.6481196,0.72
466,0.31398976,0.116
467,0.6273986,0.886
468,0.33584702,0.3
469,0.8464602,0.92
470,0.078480065,0.009
471,0.2684441,0.99
472,0.5615007,0.88
473,0.6479675,0.91
474,0.83643675,0.96
475,0.5847176,0.52
476,0.22846788,0.2
477,0.05438122,0.03
478,0.5478973,0.54
479,0.060274452,0.009
480,0.1274233,0.001
481,-0.114767864,0.01
482,0.086741954,0.0284
483,0.27661777,0.2
484,0.44964904,0.95
485,0.9486438,0.94
486,0.1344415,0.14
487,0.15934941,0.00039
488,0.026559696,0.02
489,0.09952984,0.1
490,0.24340712,0.05
491,0.56253004,0.59
492,0.32810074,0.344
493,0.81087977,0.86
494,0.8078692,0.65
495,0.24057479,0.19
496,0.073262334,0.095
497,0.40214533,0.08
498,0.4656371,0.52
499,0.22416452,0.23
500,0.50633013,0.58
501,0.17682768,0.2
502,0.53254896,0.52
503,0.40179712,0.26
504,0.13357547,0.017
505,0.24128875,0.263
506,0.6762146,0.73
507,0.7112377,0.85
508,0.10116574,0.0201
509,0.2599501,0.152
510,0.0831,0.012
511,0.44089836,0.61
512,0.3801123,0.337
513,0.60092336,0.37
514,0.5476921,0.503
515,0.47187728,0.34
516,0.3216832,0.42
517,0.44361728,0.65
518,0.3569641,0.094
519,0.1803219,0.07
520,0.20429298,0.1
521,0.31476843,0.152
522,0.22740711,0.416
523,0.36556447,0.04
524,0.15589604,0.01
525,0.40820992,0.34
526,0.38468343,0.0876
527,0.14153908,0.14
528,0.26591069,0.112
529,0.40033323,0.4
530,0.44044507,0.45
531,0.8202228,0.97
532,0.26726657,0.215
533,0.022719651,0.02
534,0.5408469,0.78
535,0.29594085,0.34
536,0.10442835,0.017
537,0.11872981,0.05
538,0.23292455,0.16
539,0.4199646,0.39
540,0.26535624,0.15
541,0.43499136,0.55
542,0.19763768,0.18
543,0.37515175,0.11
544,0.84165627,0.84
545,0.13748525,0.04
546,0.113609366,0.34
547,0.11273939,0.02
548,0.11410234,0.01
549,0.14582805,0.0612
550,0.02909778,0.031
551,0.07329573,0.0051
552,0.132584,0.175
553,0.05307387,0.06
554,0.17020221,0.16
555,0.20358633,0.297
556,0.38176566,0.17
557,0.7605568,0.76
558,0.15419209,0.15
559,0.72552556,0.56
560,0.25728843,0.38
561,0.572067,0.4
562,0.52715504,0.77
563,0.6344487,0.88
564,0.055189624,0.015
565,0.6272896,0.85
566,0.059844226,0.037
567,0.12792498,0.06
568,0.2087827,0.16
569,0.26442173,0.29
570,0.2428338,0.244
571,0.10883031,0.0041
572,0.67416036,0.57
573,0.080550194,0.004
574,0.03239581,0.006
575,0.026808977,0.0012
576,0.7941193,0.931
577,0.29900283,0.22
578,0.13508916,0.14
579,0.50730217,0.26
580,0.19008553,0.21
581,0.28941414,0.27
582,0.49580437,0.39
583,0.11141172,0.006
584,0.47021377,0.51
585,0.151675,0.08
586,0.34493917,0.0037
587,0.23174074,0.0014
588,0.07919891,0.014
589,0.76235694,0.9
590,0.1418522,0.077
591,0.20261145,0.08
592,0.13880211,0.19
593,0.048583567,0.0066
594,0.27133524,0.11
595,0.47363508,0.64
596,0.03443642,0.0024
597,0.2498535,0.19
598,0.7034633,0.81
599,0.28057265,0.14
600,0.34993333,0.25
601,0.06976898,0.011
602,0.5098777,0.63
603,0.3293304,0.01
604,0.12520832,0.049
605,0.46296793,0.6
606,0.39774644,0.49
607,0.3720287,0.44
608,0.53259337,0.56
609,0.16001157,0.27
610,0.67146975,0.98
611,0.064951584,0.03
612,0.14836906,0.12
613,0.66165227,0.758
614,0.5363898,0.4
615,0.22279193,0.34
616,0.34388432,0.42
617,0.31759843,0.001
618,0.07053387,0.08
619,0.6962617,0.96
620,0.5104967,0.31
621,0.22470011,0.18
622,0.42322844,0.198
623,0.33716446,0.21
624,0.2666079,0.58
625,0.8020006,0.82
626,0.15843894,0.007
627,0.40692237,0.52
628,0.76092285,0.77
629,0.17058752,0.28
630,0.34580112,0.22
631,0.16274273,0.19
632,0.14453496,0.0328
633,0.36657688,0.1
634,0.8564521,0.89
635,0.37880152,0.43
636,0.12969568,0.001
637,0.10345833,0.014
638,0.92554444,0.97
639,0.5407984,0.61
640,0.7209879,0.85
641,0.11176177,0.046
642,0.4117995,0.52
643,0.0875759,0.01
644,0.12704691,0.04
645,0.962674,0.62
646,0.08486351,0.003
647,0.044702336,0.0009
648,0.5805493,0.4
649,0.5086874,0.71
650,0.009709075,0.0205
651,0.13141319,0.007
652,0.50357586,0.42
653,0.012532562,0.001
654,0.47948712,0.796
655,0.35295063,0.3
656,0.4252357,0.44
657,0.041656137,0.04
658,0.65705645,0.71
659,0.43895996,0.45
660,0.59661174,0.62
661,0.1303995,0.0013
662,0.28694057,0.006
663,0.13532528,0.011
664,0.037516847,0.07
665,0.12659535,0.07
666,0.34921733,0.42
667,0.28436545,0.15
668,0.13309102,0.02
669,0.34784818,0.42
670,0.20233764,0.624
671,0.6494177,0.85
672,-0.12460674,0.18
673,0.29381478,0.072
674,0.17295387,0.02
675,0.07222639,0.0023
676,0.8075524,0.86
677,0.105744205,0.02
678,0.05739394,0.009
679,1.0204823,0.87
680,0.12355911,0.012
681,0.067426756,0.023
682,0.27125466,0.27
683,0.18956047,0.369
684,0.2066217,0.19
685,0.4803096,0.47
686,0.83131087,0.39
687,0.09415851,0.001
688,0.15027764,0.14
689,0.18314172,0.05
690,0.21668768,0.33
691,0.5542994,0.37
692,0.46864527,0.49
693,0.4520413,0.38
694,0.32341158,0.003
695,0.16625132,0.03
696,0.33396327,0.45
697,0.73306936,0.91
698,0.24712169,0.1552
699,0.12715796,0.22
700,0.8734513,0.96
701,0.10923675,0.0274
702,0.51280206,0.48
703,0.61274886,0.62
704,0.34943545,0.45
705,0.3043872,0.2
706,0.27013725,0.11
707,0.38490358,0.3
708,0.09033661,0.011
709,0.059485152,0.03
710,0.5297317,0.69
711,0.23748334,0.12
712,0.2503843,0.23
713,0.15822771,0.062
714,0.2157037,0.35
715,0.7890056,0.83
716,0.06028445,0.008
717,0.5632131,0.6
718,0.3795063,0.31
719,0.19313411,0.0024
720,0.18968762,0.14
721,0.4633748,0.46
722,0.7245737,0.91
723,0.085583836,0.003
724,0.39967588,0.26
725,0.15085754,0.08
726,0.8736392,0.98
727,0.24673367,0.1
728,0.06893641,0.044
729,0.66856605,0.76
730,0.958168,0.92
731,0.14004487,0.024
732,0.2235965,0.18
733,0.32049713,0.91
734,0.7445902,0.85
735,0.41118222,0.38
736,0.14713283,0.1229
737,0.081311174,0.01
738,0.38440084,0.34
739,0.26596206,0.015
740,0.710824,0.98
741,0.42363387,0.47
742,0.593712,0.99
743,0.081684,0.07
744,0.24253526,0.5
745,0.15350536,0.185
746,0.24408378,0.09
747,0.4700973,0.68
748,0.19380853,0.24
749,0.5465234,0.6
750,0.82729685,0.81
751,0.2541946,0.17
752,0.12937891,0.12
753,0.23863125,0.46
754,0.6985477,0.6
755,0.4102714,0.31
756,0.12914425,0.119
757,0.2368086,0.26
758,0.089347884,0.02
759,0.41980618,0.69
760,0.25567123,0.18
761,0.49190968,0.584
762,0.83516365,0.68
763,0.2565491,0.38
764,0.4593364,0.35
765,0.28863293,0.52
766,0.52945393,0.614
767,0.40079242,0.4705
768,0.8278814,0.024
769,0.42004842,0.51
770,0.6521635,0.59
771,0.39761537,0.4944
772,0.30842048,0.018
773,0.30752644,0.176
774,0.35312408,0.56
775,0.43796805,0.01
776,0.0965133,0.0169
777,0.2984177,0.38
778,0.28641543,0.37
779,0.97904116,0.88
780,0.13415039,0.064
781,0.16685888,0.154
782,0.538276,0.71
783,0.3568982,0.34
784,0.13097624,0.01
785,0.20436378,0.02
786,0.29802436,0.52
787,0.16124013,0.08
788,0.44932413,0.37
789,0.3707682,0.405
790,0.31054318,0.0
791,0.72475994,0.73
792,0.56096774,0.82
793,0.16166107,0.09
794,0.7516244,0.79
795,0.49153215,0.56
796,0.46261114,0.56
797,0.7240492,0.64
798,0.18231201,0.18
799,0.21706562,0.27
800,0.2546398,0.3
801,0.6690661,0.96
802,0.20590718,0.116
803,0.38814306,0.003
804,0.12497945,0.016
805,0.37096828,0.38
806,0.47020584,0.404
807,0.15749362,0.08
808,0.19137554,0.4
809,0.56465775,0.49
810,0.31565475,0.19
811,0.33652914,0.37
812,0.13615572,0.08
813,0.003706202,0.02
814,0.10518918,0.09
815,0.6858003,0.44
816,0.20298225,0.067
817,0.3080991,0.2562
818,1.1014656,1.0
819,0.25652117,0.28
820,0.90482956,0.933
821,0.15705206,0.21
822,0.62384295,0.91
823,0.6304557,0.79
824,0.62809885,0.62
825,0.37063187,0.111
826,0.19379579,0.14
827,0.027555585,0.085
828,0.5735895,0.32
829,0.13836436,0.05
830,1.1452715,0.95
831,0.10050737,0.014
832,0.581522,0.61
833,0.34483737,0.6
834,0.09081944,0.007
835,0.19841586,0.05
836,0.08826062,0.004
837,0.06753288,0.008
838,0.1435524,0.12
839,0.3223319,0.55
840,0.9306301,1.0
841,0.625212,0.92
842,0.18559785,0.154
843,0.07963656,0.01
844,0.3902648,0.6
845,0.7355564,0.79
846,0.21418501,0.56
847,0.4238119,0.3713
848,0.1010681,0.02
849,0.096906774,0.19
850,-0.0058591366,0.001
851,0.2752705,0.41
852,0.022620156,0.166
853,0.20915996,0.02
854,0.45011598,0.14
855,0.14822,0.025
856,0.18456279,0.11
857,0.6947728,0.83
858,0.1692446,0.2
859,0.15517315,0.067
860,0.2769582,0.37
861,0.5177873,0.81
862,0.71648467,0.81
863,0.073102,0.023
864,0.094189,0.003
865,0.15136442,0.12
866,0.45004207,0.31
867,0.2482465,0.059
868,0.2414961,0.26
869,0.8762841,0.83
870,0.0631603,0.009
871,0.3999787,0.48
872,0.47163588,0.05
873,0.15701228,0.032
874,0.55419225,0.683
875,0.81216604,0.65
876,0.33344346,0.124
877,0.10947737,0.03
878,0.44035488,0.53
879,0.23334657,0.4
880,0.33137935,0.27
881,0.42017105,0.53
882,0.24730317,0.24
883,0.77954453,0.92
884,0.14322977,0.16
885,0.60810554,0.499
886,0.2211961,0.13
887,0.671498,0.88
888,0.5020676,0.586
889,0.50311834,0.59
890,0.53425324,0.53
891,0.093183175,0.0062
892,0.115517184,0.059
893,0.15655717,0.13
894,0.1849123,0.21
895,0.4512461,0.65
896,0.56902194,0.53
897,0.1186997,0.008
898,0.34901983,0.38
899,0.1020876,0.073
900,0.06930369,0.0041
901,0.63981634,0.71
902,0.6255488,0.2
903,0.12593494,0.01
904,0.2542821,0.15
905,0.5266631,0.464
906,0.41458815,0.57
907,0.2332982,0.25
908,0.1663796,0.001
909,0.539979,0.589
910,0.347556,0.42
911,0.8120581,0.909
912,0.08720691,0.08
913,0.099479206,0.017
914,0.50221515,0.69
915,0.60946405,0.82
916,0.049154907,0.017
917,0.4188364,0.513
918,0.859257,0.99
919,0.0940409,0.1679
920,0.25298786,0.5
921,-0.012111738,0.0007
922,0.10067154,0.06
923,0.23822346,0.13
924,0.78523546,0.82
925,0.40049735,0.15
926,0.10268414,0.007
927,0.51100785,0.732
928,0.086895175,0.0146
929,0.37021375,0.431
930,0.4024827,0.56
931,0.7576751,0.68
932,0.29563814,0.33
933,0.52819383,0.713
934,0.3091148,0.4
935,0.15329282,0.008
936,0.029968187,0.0024
937,0.27815658,0.0
938,0.48262757,0.18
939,0.52430797,0.48
940,0.53855866,0.8
941,0.25875777,0.173
942,0.21575734,0.124
943,0.06858975,0.03
944,0.37024707,0.7
945,0.29146147,0.01
946,0.23468508,0.12
947,0.26005527,0.33
948,0.4940821,0.37
949,0.6313952,0.69
950,0.32202443,0.31
951,0.42400774,0.26
952,0.08183782,0.01
953,0.50036794,0.75
954,0.14593405,0.03
955,0.3228655,0.44
956,0.27631083,0.00012
957,0.60297716,0.7
958,0.26423687,0.16
959,0.20287293,0.14
960,0.7308976,0.75
961,0.39902508,0.45
962,0.26723284,0.28
963,0.9323576,0.91
964,0.55602837,0.77
965,0.14351404,0.11
966,0.004203722,0.0039
967,0.13498715,0.069
968,0.26509598,0.23
969,0.044219717,0.0227
970,0.5862529,0.99
971,0.6415903,0.99
972,0.2943475,0.09
973,0.36888552,0.5
974,0.21609284,0.39
975,0.59900236,0.54
976,-0.012670651,0.001
977,-0.025494054,0.0045
978,0.40242592,0.63
979,0.13099766,0.01
980,0.63073695,0.74
981,0.994868,1.0
982,0.44684708,0.2531
983,0.73212564,0.7
984,0.098591305,0.004
985,0.114096954,0.186
986,0.112102024,0.0312
987,0.0294673,0.059
988,0.3191261,0.004
989,0.42494315,0.61
990,0.4403854,0.86
991,0.76416296,0.47
992,0.17249241,0.19
993,0.19463176,0.109
994,0.3669024,0.458
995,0.1942929,0.15
996,0.22259495,0.02
997,0.4505822,0.53
998,0.8024352,0.76
999,0.26674527,0.34
1000,0.6085993,0.653
1001,0.2807563,0.351
1002,0.020748511,0.03
1003,0.3179933,0.42
1004,0.23685178,0.22
1005,0.13506374,0.12
1006,0.08900795,0.0003
1007,0.054319978,0.213
1008,0.2504672,0.18
1009,0.6519096,0.73
1010,0.61297256,0.84
1011,0.20082417,0.12
1012,0.2688995,0.21
1013,0.5194255,0.33
1014,0.5036413,0.383
1015,0.108140744,0.22
1016,0.47546226,0.561
1017,0.2161042,0.11
1018,0.1306004,0.005
1019,0.29900208,0.2
1020,0.13248576,0.03
1021,0.20832908,0.18
1022,0.4272966,0.17
1023,0.32248503,0.33
1024,0.2856565,0.49
1025,0.7917944,0.85
1026,0.7572222,0.75
1027,0.4508306,0.53
1028,0.38521504,0.44
1029,0.9084903,0.9
1030,0.15368336,0.1
1031,0.29078358,0.31
1032,0.09972815,0.004
1033,0.19388108,0.15
1034,0.5066247,0.8
1035,0.58279926,0.86
1036,0.399922,0.2654
1037,0.11121649,0.073
1038,0.11040762,0.32
1039,0.11028955,0.014
1040,0.18168886,0.295
1041,0.030917868,0.01
1042,0.79687357,0.86
1043,0.32313192,0.448
1044,0.5981623,0.75
1045,0.36585566,0.52
1046,0.23090005,0.304
1047,0.6898458,0.73
1048,0.22985527,0.303
1049,0.13539842,0.1
1050,0.70359415,0.79
1051,0.38876253,0.317
1052,0.34846774,0.54
1053,0.32764807,0.21
1054,0.25743878,0.28
1055,0.10089684,0.08
1056,0.28324378,0.43
1057,0.43854994,0.035
1058,0.25373614,0.239
1059,0.23925927,0.02
1060,0.54279906,0.57
1061,0.02155763,0.0024
1062,0.14730746,0.15
1063,0.62676257,0.72
1064,0.33903283,0.45
1065,0.08903684,0.05
1066,0.25020105,0.037
1067,0.5809643,0.53
1068,0.19777401,0.092
1069,0.53875214,0.62
1070,0.061431035,0.0085
1071,0.2608645,0.2
1072,0.04421632,0.01148
1073,0.05536312,0.003
1074,0.06643197,0.0162
1075,0.26372153,0.03
1076,0.20833656,0.15
1077,0.80702424,0.77
1078,0.70145017,0.88
1079,0.8996467,0.89
1080,0.13692015,0.31
1081,0.4042353,0.44
1082,0.123617776,0.005
1083,0.69925374,0.86
1084,0.33488053,0.033
1085,0.313608,0.55
1086,0.25518075,0.859
1087,0.24277195,0.149
1088,0.104132235,0.031
1089,0.35567874,0.13
1090,0.29188108,0.424
1091,0.23121446,0.01
1092,0.17252883,0.19
1093,0.7524079,0.96
1094,0.040668726,0.0137
1095,0.2928588,0.17
1096,0.013571858,0.01
1097,0.11308056,0.006
1098,0.38184953,0.08
1099,0.078198165,0.051
1100,0.35538864,0.41
1101,0.51342213,0.65
1102,0.16491407,0.15
1103,0.65550876,0.79
1104,0.61917454,0.91
1105,0.043989077,0.035
1106,0.23115176,0.24
1107,0.21297011,0.2
1108,0.11057513,0.08
1109,0.922913,1.0
1110,0.22338262,0.21
1111,0.15408382,0.05
1112,0.116539486,0.15
1113,0.020764992,0.0003
1114,0.26166344,0.208
1115,0.22673653,0.03
1116,0.3803088,0.36
1117,0.13074838,0.03
1118,0.6512151,0.92
1119,0.78020066,0.92
1120,0.4041701,0.71
1121,0.15397102,0.2
1122,0.34663263,0.14
1123,0.097500116,0.002
1124,0.07283938,0.02
1125,0.431609,0.54
1126,0.20033532,0.339
1127,0.08627919,0.01
1128,0.36080915,0.38
1129,0.05933623,0.04
1130,0.58245534,0.62
1131,0.1765774,0.25
1132,0.12912194,0.006
1133,0.42309955,0.23
1134,0.1289909,0.01
1135,0.478482,0.1
1136,0.17045338,0.02
1137,0.08674956,0.016
1138,0.2663064,0.36
1139,0.36393154,0.041
1140,0.6239563,0.78
1141,0.56680584,0.83
1142,0.53428674,0.99
1143,0.057475492,0.009
1144,0.12544608,0.024
1145,0.73185104,0.82
1146,0.40145615,0.33
1147,0.21843864,0.11
1148,0.0575092,0.034
1149,0.3251861,0.21
1150,0.28553033,0.18
1151,0.91053706,0.84
1152,0.21280172,0.17
1153,0.19273552,0.15
1154,0.36219108,0.35
1155,0.25302,0.28
1156,0.17579451,0.06
1157,0.4071794,0.74
1158,0.49749708,0.53
1159,0.35856134,0.54
1160,0.2462531,0.225
1161,0.06550075,0.011
1162,0.1377623,0.14
1163,0.45347306,0.21
1164,0.12750416,0.15
1165,0.4622416,0.48
1166,0.67815673,0.73
1167,0.33283857,0.16
1168,0.37911412,0.64
1169,0.3540636,0.379
1170,0.29529512,0.27
1171,0.32790104,0.44
1172,0.14073944,0.013
1173,0.27975664,0.31
1174,0.014572844,0.004
1175,0.5449256,0.55
1176,0.5071551,0.6354
1177,0.14117447,0.12
1178,0.0035668463,0.02
1179,-0.018986568,0.003
1180,0.26650196,0.41
1181,0.54729456,0.75
1182,0.6868141,0.82
1183,0.33454496,0.13
1184,0.9579545,0.95
1185,0.13635541,0.13
1186,0.24986428,0.54
1187,0.05039546,0.001
1188,0.7080323,0.88
1189,0.10338779,0.003
1190,0.6640204,0.73
1191,0.17998947,0.048
1192,0.083055936,0.015
1193,0.6181536,0.68
1194,0.36819494,0.31
1195,0.11555071,0.029
1196,0.16847013,0.002
1197,0.34507394,0.06
1198,0.29143625,0.15
1199,0.2114819,0.01
1200,0.5358744,0.49
1201,0.06496599,0.0016
1202,0.56339425,0.44
1203,0.07167132,0.25
1204,0.107773066,0.04
1205,0.043752328,0.0
1206,0.5508922,0.59
1207,0.1247382,0.077
1208,0.25626135,0.22
1209,0.21100038,0.22
1210,0.2696859,0.19
1211,0.3597188,0.58
1212,0.5598218,0.61
1213,0.8501727,0.59
1214,0.28361472,0.3
1215,0.6929016,0.36
1216,0.8529838,0.824
1217,-0.00905481,0.0029
1218,0.0075295717,0.00095
1219,0.052521944,0.0
1220,0.40527904,0.43
1221,0.21331914,0.321
1222,0.70422864,0.66
1223,0.7629051,0.7
1224,0.19330175,0.33
1225,0.21557976,0.46
1226,0.020846024,0.001
1227,0.26958746,0.35
1228,0.15118489,0.0015
1229,0.60200256,1.0
1230,0.46966588,0.72
1231,0.28592035,0.16
1232,0.10475116,0.006
1233,0.05086951,0.017
1234,0.06847626,0.09
1235,0.18271767,0.197
1236,0.047938406,0.0
1237,0.40328944,0.34
1238,0.6713859,0.849
1239,0.3643751,0.2
1240,0.192048,0.11
1241,0.3160379,0.5
1242,0.42310068,0.0
1243,0.4257006,0.041
1244,0.2154906,0.023
1245,0.118616775,0.011
1246,0.45113978,0.49
1247,0.14213172,0.29
1248,0.2634112,0.18
1249,0.12574351,0.02
1250,0.43966162,0.75
1251,0.5411797,0.54
1252,0.5317796,0.83
1253,0.32621664,0.28
1254,0.25955534,0.3
1255,0.012829319,0.538
1256,0.3709596,0.28
1257,0.5501952,0.66
1258,0.092378214,0.017
1259,0.77822787,0.77
1260,0.34612885,0.29
1261,0.46528786,0.47
1262,0.6620413,0.79
1263,0.06079416,0.001
1264,0.5194107,0.999
1265,0.06748986,0.063
1266,0.5236171,0.87
1267,0.45667762,0.22
1268,0.8160741,0.73
1269,0.10832461,0.041
1270,0.7560533,0.84
1271,0.1266697,0.007
1272,0.14965719,0.11
1273,0.34257945,0.15
1274,0.31158042,0.4
1275,0.18095925,0.019
1276,0.5581723,0.48
1277,0.19426283,0.11
1278,0.21479625,0.029
1279,0.44459653,0.47
1280,0.3617012,0.21
1281,0.106000796,0.002
1282,0.13566801,0.055
1283,0.53195417,0.51
1284,0.6892973,0.65
1285,0.70502734,0.45
1286,0.32479888,0.46
1287,0.47733998,0.56
1288,0.32376093,0.52
1289,0.7078499,0.92
1290,0.75540173,0.07
1291,0.38198656,0.31
1292,0.874631,0.99
1293,0.82521594,0.82
1294,0.24945512,0.24
1295,0.18734182,0.01
1296,0.73100036,0.81
1297,0.5448268,0.66
1298,0.15171336,0.004
1299,0.26241577,0.17
1300,-0.0060189962,0.00275
1301,0.0779776,0.05
1302,0.46390927,0.87
1303,0.47557575,0.61
1304,0.9049775,0.98
1305,0.034837663,0.002
1306,0.09233324,0.13
1307,0.58649033,0.57
1308,0.27961722,0.9
1309,0.09316456,0.028
1310,0.37529796,0.45
1311,0.1333524,0.003
1312,0.08849533,0.101
1313,0.17240149,0.21
1314,0.41808188,0.5
1315,0.41778564,0.48
1316,0.71021324,0.89
1317,0.06726463,0.00065
1318,0.26155218,0.16
1319,0.3537595,0.23
1320,0.37587154,0.38
1321,0.3992784,0.778
1322,0.3955148,0.76
1323,0.07633348,0.06
1324,0.019720554,0.002
1325,0.53895855,0.64
1326,0.08361914,0.1105
1327,0.6820246,0.93
1328,0.119261056,0.05
1329,0.2388804,0.029
1330,0.796758,0.97
1331,0.24670522,0.37
1332,0.013917327,0.0101
1333,0.1474368,0.007
1334,0.63501626,0.34
1335,0.34790713,0.41
1336,0.20675036,0.18
1337,0.056242004,0.0088
1338,0.5820875,0.61
1339,0.0813881,0.06
1340,0.15362197,0.1001
1341,0.13435909,0.09
1342,0.18941464,0.08
1343,0.47872692,0.43
1344,0.074316576,0.22
1345,0.10782823,0.11
1346,0.52068657,0.486
1347,0.60103714,0.68
1348,0.56296897,0.49
1349,0.7981959,0.75
1350,0.69237256,0.39
1351,0.10922739,0.002
1352,0.10961098,0.018
1353,0.23703358,0.25
1354,0.18849729,0.211
1355,0.5484551,0.185
1356,0.3271476,0.42
1357,0.58096427,0.5
1358,0.5784994,0.79
1359,0.013426229,0.002
1360,0.1607587,0.069
1361,0.8334359,0.97
1362,0.22756176,0.38
1363,0.5451532,0.57
1364,0.15920117,0.06
1365,0.15485963,0.05
1366,0.3622179,0.41
1367,0.67756194,0.75
1368,0.5574346,0.53
1369,0.17887105,0.06
1370,0.62738985,0.8
1371,0.92848474,0.76
1372,0.6333579,0.9
1373,0.4620955,0.3
1374,0.75191885,0.59
1375,0.1290617,0.035
1376,0.3011506,0.19
1377,0.31272477,0.46
1378,0.809949,0.79
1379,0.6812272,0.72
1380,0.6033882,0.82
1381,0.17069393,0.036
1382,0.3363331,0.07
1383,0.6272245,0.51
1384,0.91589767,0.94
1385,0.95286345,1.0
1386,0.17697074,0.16
1387,0.26395696,0.28
1388,0.36876947,0.57
1389,0.45112544,0.62
1390,0.2892957,0.39
1391,0.07575643,0.06
1392,0.01021646,0.005
1393,0.15596902,0.012
1394,0.08773411,0.06
1395,0.24316716,0.22
1396,0.087836474,0.0045
1397,0.2840095,0.18
1398,0.07480751,0.0527
1399,0.42144984,0.287
1400,-0.041528285,0.0028
1401,0.8249728,0.29
1402,0.09325738,0.01
1403,0.19718109,0.037
1404,0.108569056,0.072
1405,0.120096125,0.017
1406,0.1589174,0.15
1407,0.46777475,0.61
1408,0.4751913,0.47
1409,0.117099464,0.005
1410,0.4753304,0.11
1411,0.30636412,0.072
1412,0.20563328,0.002
1413,0.20076899,0.23
1414,0.4229149,0.44
1415,0.045279607,0.011
1416,0.1375086,0.07
1417,0.83600247,0.555
1418,0.6062918,0.86
1419,0.66942734,0.474
1420,0.33776125,0.34
1421,0.44336033,0.46
1422,0.40409863,0.14
1423,0.5206588,0.49
1424,0.29738566,0.428
1425,0.61330503,0.68
1426,0.18129218,0.11
1427,0.8628253,1.0
1428,0.31532398,0.16
1429,0.8354964,0.74
1430,0.10534271,0.43
1431,0.10859118,0.02
1432,0.12560001,0.007
1433,0.459803,0.59
1434,0.8322588,0.73
1435,0.42071557,0.57
1436,0.23340474,0.02
1437,0.7444346,0.57
1438,0.19846363,0.02
1439,0.046934053,0.00019
1440,0.29981706,0.04
1441,0.16940129,0.02
1442,0.38576615,0.72
1443,0.6258438,0.68
1444,0.13693583,0.13
1445,0.25526062,0.12
1446,0.49063152,0.39
1447,-0.052172467,0.0002
1448,0.29406908,0.053
1449,0.5602532,0.32
1450,0.080953956,0.006
1451,0.16936241,0.002
1452,0.20302951,0.17
1453,0.1523551,0.14
1454,0.07255134,0.13
1455,0.40546387,0.263
1456,0.6823895,0.8
1457,0.6834329,0.73
1458,0.7999705,0.71
1459,0.35665548,0.32
1460,0.5538933,0.71
1461,0.23315455,0.06
1462,0.4239971,0.26
1463,0.4405536,0.57
1464,0.22478983,0.29
1465,0.4324042,0.47
1466,0.0784774,0.56
1467,0.34802115,0.18
1468,0.40563023,0.999
1469,0.19549662,0.156
1470,0.41606504,0.41
1471,0.36735415,0.232
1472,0.28890216,0.062
1473,0.8130883,0.91
1474,0.6592708,0.862
1475,0.073703155,0.02
1476,0.37730095,0.35
1477,0.21509749,0.193
1478,0.7525081,0.85
1479,0.7599686,1.0
1480,0.61744463,0.75
1481,0.3167253,0.12
1482,0.345337,0.58
1483,0.22892271,0.084
1484,0.24911875,0.11
1485,0.4735505,0.127
1486,0.30830848,0.28
1487,0.48007566,0.25
1488,0.28980502,0.15
1489,0.22264692,0.352
1490,0.15785614,0.011
1491,0.022720307,0.16
1492,0.9820572,0.98
1493,0.13984092,0.2524
1494,0.6262482,0.57
1495,0.18653023,0.032
1496,0.20954053,0.292
1497,0.040820792,0.053
1498,0.48675412,0.4
1499,0.42498827,0.49
1500,0.14042635,0.13
1501,0.16057435,0.06
1502,0.32519674,0.07
1503,0.4915527,0.54
1504,0.075539574,0.038
1505,0.21538776,0.018
1506,0.09251249,0.041
1507,0.3358066,0.282
1508,0.2834439,0.38
1509,0.10135007,0.001
1510,0.1865371,0.13
1511,0.24831516,0.042
1512,0.49588192,0.49
1513,0.2512361,0.001
1514,0.65212274,0.64
1515,0.15308093,0.15
1516,0.116124965,0.22
1517,0.42881805,0.122
1518,0.08800853,0.0213
1519,0.045013517,0.0003
1520,0.07406469,0.01
1521,0.15569435,0.03
1522,0.05083388,0.3
1523,0.6844532,0.56
1524,0.11856046,0.015
1525,0.21311392,0.048
1526,0.2889945,0.27
1527,0.29592296,0.1
1528,0.31852883,0.3
1529,0.41715655,0.35
1530,0.4739617,0.8
1531,0.5962723,0.52
1532,0.14768365,0.0016
1533,0.36423582,0.28
1534,0.052024692,0.0069
1535,0.3836308,0.32
1536,0.27185243,0.25
1537,0.22199032,0.074
1538,0.8294417,0.96
1539,0.30110928,0.3
1540,0.21899906,0.2
1541,0.16059828,0.2
1542,0.31825268,0.084
1543,0.50137556,0.183
1544,0.029774725,0.0466
1545,0.29023105,0.59
1546,0.10030199,0.041
1547,0.47633654,0.11
1548,0.36340976,0.054
1549,0.06787507,0.0301
1550,0.5881799,0.87
1551,0.36036718,0.36
1552,0.840364,0.5
1553,0.040295735,0.00451
1554,0.049390703,0.0053
1555,0.055437475,0.00151
1556,0.018839538,1e-04
1557,0.6683266,0.79
1558,0.25000888,0.4
1559,0.6018947,0.743
1560,0.36237517,0.047
1561,0.04230438,0.05
1562,0.43475574,0.428
1563,0.19594677,0.36
1564,0.22235048,0.09
1565,0.17571159,0.129
1566,0.3095853,0.202
1567,0.836964,0.58
1568,0.2951708,0.267
1569,0.37116686,0.38
1570,0.027177319,0.017
1571,0.15655938,0.15
1572,0.16838318,0.007
1573,0.06200391,0.023
1574,0.68226486,1.0
1575,0.06505549,0.0213
1576,0.111563146,0.008
1577,0.48932827,0.74
1578,0.30681616,0.37
1579,0.47727203,0.56
1580,0.2563037,0.29
1581,0.109093264,0.013
1582,0.20791957,0.05
1583,0.293056,0.28
1584,0.22257328,0.032
1585,0.16697654,0.095
1586,0.28478226,0.28
1587,0.94807154,0.88
1588,0.4268476,0.43
1589,0.13398714,1e-04
1590,0.06825207,0.23
1591,0.09846424,0.026
1592,0.45081896,0.64
1593,0.49512422,0.68
1594,0.40172833,0.592
1595,0.103557914,0.1
1596,0.27557334,0.02
1597,0.5291028,0.67
1598,0.48009676,0.68
1599,0.16824056,0.08
1600,0.3747084,0.31
1601,0.19451225,0.22
1602,0.03606853,0.0021
1603,0.54701465,0.63
1604,0.07766554,0.05
1605,0.02849187,0.03
1606,0.43797505,0.03
1607,0.7825854,1.0
1608,0.19336739,0.042
1609,0.16955979,0.38
1610,0.15582296,0.2
1611,0.132399,0.36
1612,0.14495587,0.02
1613,0.3702541,0.27
1614,0.16134092,0.11
1615,0.9350223,0.83
1616,0.73476636,0.47
1617,0.65055645,0.8
1618,0.29259965,0.3
1619,0.13308346,1e-04
1620,0.33640075,0.39
1621,1.039378,1.0
1622,0.7500723,0.8931
1623,0.53167427,0.611
1624,0.4741909,0.11
1625,0.13658515,0.07
1626,0.5134479,0.6
1627,0.017457604,0.001
1628,0.26745695,0.08
1629,0.20876741,0.06
1630,0.30461463,0.25
1631,0.109610684,0.03
1632,0.050401866,0.0008
1633,0.05509503,0.107
1634,0.09456346,0.02
1635,-0.017958596,0.0004
1636,0.09276971,0.018
1637,0.5143398,0.46
1638,0.062496528,0.001
1639,0.23959649,0.3
1640,0.39405352,0.44
1641,0.5090539,0.27
1642,0.29320544,0.38
1643,0.4645313,0.59
1644,0.7225087,0.64
1645,0.19353028,0.06
1646,0.45467615,0.55
1647,0.08004545,0.04
1648,0.033897206,0.017
1649,0.18174998,0.06
1650,0.30068216,0.01
1651,0.7981193,0.99
1652,0.10369298,0.02
1653,0.4253562,0.24
1654,0.31356078,0.37
1655,0.33282396,0.83
1656,0.51553744,0.313
1657,0.16020647,0.015
1658,0.1991956,0.23
1659,0.31881368,0.059
1660,0.20683305,0.013
1661,0.12196011,0.0046
1662,0.56939405,0.6
1663,0.1283266,0.026
1664,0.33278775,0.16
1665,0.43074638,0.67
1666,0.06844659,0.15
1667,0.37211126,0.6452
1668,0.8124815,0.85
1669,0.11838013,0.11
1670,0.26602995,0.1
1671,0.2759769,0.01
1672,0.47957873,0.16
1673,0.086265385,0.018
1674,0.22493327,0.0025
1675,0.6943922,0.41
1676,0.23145348,0.19
1677,0.35549402,0.23
1678,0.28407443,0.28
1679,0.43368495,0.39
1680,0.049589485,0.002
1681,0.024631113,0.0043
1682,0.19841836,0.03
1683,0.2400732,0.123
1684,0.6262564,0.72
1685,0.15719071,0.15
1686,0.25892466,0.09
1687,0.27135733,0.00066
1688,0.47772837,0.45
1689,0.055302978,0.00059
1690,0.6460778,0.09
1691,0.7052069,1.0
1692,0.29587102,0.09
1693,0.19598803,0.23
1694,0.90048176,0.56
1695,0.0939598,0.016
1696,0.57984173,0.51
1697,0.25144526,0.363
1698,0.43667573,0.95
1699,0.7553285,0.11
1700,0.271504,0.218
1701,0.6675088,0.72
1702,0.24874793,0.65
1703,0.30505732,0.28
1704,0.49811548,0.44
1705,0.42228007,0.33
1706,0.4576546,0.52
1707,0.6622489,0.67
1708,0.29002523,0.25
1709,0.38655016,0.26
1710,0.7075246,0.95
1711,0.3860538,0.93
1712,0.8206351,1.0
1713,0.43987286,0.64
1714,0.10868581,0.014
1715,0.76430774,0.64
1716,0.48666346,0.485
1717,0.10203098,0.15
1718,0.4247793,0.62
1719,0.6309814,0.87
1720,0.45379055,0.54
1721,0.04363534,0.002
1722,0.13757484,0.15
1723,0.6690108,0.89
1724,0.2625125,0.26
1725,0.11801303,0.004
1726,0.31711334,0.27
1727,0.14717361,0.18
1728,0.29670608,0.4178
1729,0.25418139,0.25
1730,0.42924556,0.56
1731,0.07287592,0.03
1732,0.38847607,0.41
1733,0.70148164,0.61
1734,0.6728583,0.69
1735,0.69472355,0.63
1736,0.23091798,0.19
1737,0.30801794,0.62
1738,0.41146958,0.6622
1739,0.51037157,0.59
1740,0.4373986,0.14
1741,0.61833173,0.89
1742,0.39315605,0.36
1743,0.37953982,0.46
1744,0.57101136,0.57
1745,0.10567039,0.05
1746,0.24996445,0.33
1747,0.097136915,0.043
1748,0.7003707,0.8
1749,0.44887087,0.025
1750,0.0038579851,0.001
1751,0.129298,0.059
1752,0.030664697,0.026
1753,0.43436038,0.62
1754,0.12566064,0.01
1755,0.09608599,0.0033
1756,0.17336203,0.0039
1757,0.0068341345,0.18
1758,0.51979977,0.51
1759,0.74798983,0.93
1760,0.59157115,0.54
1761,0.6959123,0.8
1762,0.33708015,0.31
1763,0.793471,0.9
1764,0.7488398,0.8
1765,0.28236467,0.041
1766,0.041398108,0.0681
1767,0.5362804,0.627
1768,0.11532756,0.029
1769,0.12641147,0.13
1770,0.65033513,0.68
1771,0.5769489,0.97
1772,0.06489512,0.001
1773,0.65439385,0.66
1774,0.26335317,0.17
1775,0.11273605,0.07
1776,0.6883157,0.86
1777,0.78116614,0.74
1778,0.3568778,0.33
1779,0.2957808,0.07
1780,0.40836537,0.46
1781,0.12879962,0.11
1782,0.6909542,0.74
1783,0.5020738,0.54
1784,0.7358117,0.733
1785,0.23329973,0.36
1786,0.66235775,0.61
1787,0.2301577,0.33
1788,0.6449871,0.79
1789,0.18174091,0.026
1790,0.14528003,0.02
1791,0.11603247,0.16
1792,0.11727545,0.0049
1793,0.11899761,0.139
1794,0.48402834,0.55
1795,0.035976738,0.003
1796,0.4655031,0.22
1797,0.29340324,0.45
1798,0.42410707,0.44
1799,0.24702746,0.16
1800,0.12661047,0.0486
1801,0.13159123,0.0014
1802,0.23253094,0.226
1803,0.1278726,0.017
1804,0.43246984,0.38
1805,0.6699158,0.74
1806,0.18350625,0.79
1807,0.0940502,0.02
1808,0.41180795,0.52
1809,0.0413443,0.0035
1810,0.8170323,0.982
1811,0.5061904,0.51
1812,0.42550018,0.4
1813,0.09381923,0.001
1814,0.4633354,0.52
1815,0.79843473,0.71
1816,0.29481357,0.13
1817,0.06658347,0.002
1818,-0.014662802,0.0007
1819,0.4877947,0.46
1820,0.15775762,0.6
1821,0.028027043,0.06
1822,0.0044104904,0.006
1823,0.121625304,0.072
1824,0.12422535,0.009
1825,0.025527418,0.06
1826,0.42192918,0.67
1827,0.15047644,0.143
1828,0.6969898,0.77
1829,0.63477343,0.71
1830,0.14551555,1e-04
1831,0.28333288,0.325
1832,0.51189744,0.61
1833,0.19245045,0.28
1834,0.5321628,0.7337
1835,0.1031307,0.031
1836,0.826812,0.91
1837,0.066442415,0.0263
1838,0.56741405,0.76
1839,0.17208719,0.18
1840,0.61114925,0.6
1841,0.8463723,0.71
1842,0.06600629,0.01
1843,0.070962295,0.04
1844,0.10266231,0.026
1845,0.15485023,0.2063
1846,0.81254846,0.75
1847,0.64118886,0.72
1848,0.47682214,0.48
1849,0.06817423,0.001
1850,0.91292816,0.94
1851,0.49171007,0.03
1852,0.07287717,0.021
1853,0.6063386,0.77
1854,0.2055076,0.13
1855,0.5221208,1.0
1856,0.49635184,0.531
1857,0.39817715,0.23
1858,0.25519335,0.31
1859,0.428375,0.52
1860,0.32391915,0.005
1861,0.6075454,0.775
1862,0.2739286,0.55
1863,0.26383504,0.3
1864,0.12202661,0.05
1865,0.35923016,0.001
1866,0.52384746,0.69
1867,0.6490951,0.96
1868,0.26118848,0.21
1869,0.29171067,0.06
1870,0.19945565,0.13
1871,0.08290315,0.002
1872,0.24099766,0.28
1873,0.38024217,0.66
1874,0.72086746,0.68
1875,0.1652092,0.13
1876,0.20270151,0.1
1877,0.63838714,0.68
1878,0.38086653,0.34
1879,0.05636002,0.0073
1880,0.2912004,0.125
1881,0.06768596,0.02
1882,0.31671005,0.55
1883,0.06450136,0.00023
1884,0.7867755,0.79
1885,0.33724284,0.17
1886,0.26998404,0.007
1887,0.18485679,0.25
1888,0.050315812,0.009
1889,0.19770804,0.11
1890,0.08823164,0.001
1891,0.6107314,0.55
1892,0.45639437,0.56
1893,0.4845162,0.43
1894,0.043557107,0.0013
1895,0.81237966,0.83
1896,0.16541004,0.008
1897,0.54489386,0.61
1898,0.60479814,0.65
1899,0.27274922,0.27
1900,0.15394054,0.007
1901,0.13564962,0.03
1902,0.21916461,0.25
1903,0.937861,0.99
1904,0.1721807,0.12
1905,0.12497946,0.017
1906,0.105736166,0.026
1907,0.31458282,0.29
1908,0.8709708,0.81
1909,0.54564846,0.45
1910,0.06788674,0.002
1911,0.46559072,0.46
1912,0.057806298,0.00032
1913,0.022825703,0.022
1914,0.19648571,0.52
1915,0.5080556,0.6
1916,0.3748045,0.14
1917,0.12839097,0.225
1918,0.083768904,0.14
1919,0.31784248,0.2
1920,0.17053741,0.019
1921,0.59714997,0.06
1922,0.3282076,0.4
1923,0.59920233,0.615
1924,0.09942952,0.2
1925,0.18744062,0.01
1926,0.87146705,0.75
1927,0.09339196,0.037
1928,0.05458066,0.053
1929,0.119390994,0.4
1930,0.10020517,0.0846
1931,0.65224916,0.83
1932,0.8268836,0.84
1933,0.09794386,0.014
1934,0.096787065,0.1034
1935,0.4224627,0.2221
1936,0.53985,0.51
1937,0.05908926,0.0103
1938,0.099534616,0.001
1939,0.34162775,0.09
1940,0.45044768,0.55
1941,0.7211324,0.96
1942,0.4450146,0.74
1943,0.05581999,0.00091
1944,0.16555524,0.428
1945,0.10780524,0.078
1946,0.0729136,0.002
1947,0.072242916,0.022
1948,0.58596647,0.48
1949,0.6031938,0.8
1950,0.46411484,0.64
1951,0.39186943,0.3
1952,0.58913285,0.69
1953,0.22673285,0.01
1954,0.50207794,0.56
1955,0.39273837,0.75
1956,0.69401026,0.88
1957,0.5346254,0.36
1958,0.13136438,0.092
1959,0.325454,0.38
1960,0.37939623,0.5
1961,0.41548985,0.44
1962,0.034400597,0.1
1963,0.05829017,0.0068
1964,0.11591412,0.09
1965,0.38601148,0.41
1966,0.6035995,0.55
1967,0.52142483,0.55
1968,0.34479684,0.001
1969,0.6409715,0.76
1970,0.07589318,0.002
1971,0.808662,0.73
1972,0.5555592,0.856
1973,0.7610232,0.79
1974,0.68166804,0.54
1975,0.09761791,0.023
1976,0.60488266,0.32
1977,0.4421699,0.5
1978,0.6431972,0.31
1979,0.1932288,0.01
1980,0.5509787,0.63
1981,0.17112695,0.32
1982,0.10818544,0.023
1983,0.5406712,0.42
1984,0.15553595,0.0035
1985,0.30347666,0.02
1986,0.5069815,0.17
1987,0.1800515,0.24
1988,0.34485108,0.12
1989,0.2329144,0.45
1990,0.59889597,0.71
1991,0.13223696,0.3368
1992,0.4640919,0.25
1993,0.29823107,0.44
1994,0.78198755,0.89
1995,0.36650395,0.505
1996,0.35549557,0.64
1997,0.11584126,0.17
1998,0.019175798,0.01
1999,0.71278584,0.85
2000,0.35396898,0.3055
2001,0.39869308,0.36
2002,0.22488879,0.09
2003,0.71624947,0.76
2004,0.5066356,0.598
2005,0.47448915,0.45
2006,0.34036988,0.611
2007,0.5452163,0.86
2008,-0.030146658,0.01364
2009,0.09413808,0.014
2010,0.16459705,0.08
2011,0.26120043,0.22
2012,0.093366995,0.03
2013,0.6648237,0.86
2014,0.52793527,0.52
2015,0.95902956,0.97
2016,0.23330012,0.019
2017,0.7572141,0.86
2018,0.7729692,0.862
2019,0.57213604,0.69
2020,0.5223063,0.7
2021,0.48987877,0.408
2022,0.44208643,0.62
2023,0.28592977,0.19
2024,0.029370397,0.0367
2025,0.16817425,0.08
2026,0.51815265,0.55
2027,0.19715789,0.04
2028,0.65223897,0.68
2029,0.9064587,0.91
2030,0.19802283,0.18
2031,0.42967492,0.55
2032,0.4711305,0.51
2033,0.29968378,0.25
2034,0.5295743,0.03
2035,0.09016988,0.015
2036,0.53788114,0.42
2037,0.12207504,0.024
2038,0.19310613,0.18
2039,0.10022302,0.2925
2040,0.016424745,0.0136
2041,0.3846386,0.49
2042,0.024288625,0.05
2043,0.054809526,0.024
2044,0.5274016,0.64
2045,0.044975787,0.004
2046,0.26722068,0.029
2047,0.6548589,0.78
2048,0.5561188,0.71
2049,0.08578929,0.12
2050,0.15002069,0.18
2051,0.20222197,0.19
2052,0.46484488,0.65
2053,0.4358964,0.72
2054,0.59042394,0.72
2055,0.101564385,0.0089
2056,0.27390897,0.28
2057,0.30475658,0.25
2058,0.43548077,0.76
2059,0.4521213,0.41
2060,0.45460218,0.49
2061,0.5858298,0.55
2062,0.30379388,0.4
2063,0.69768566,0.94
2064,0.1720369,0.23
2065,0.14978367,0.14
2066,0.29981107,0.3
2067,0.6493424,0.61
2068,0.36724877,0.39
2069,0.41207796,0.39
2070,0.40447435,0.041
2071,0.47266096,0.785
2072,0.6957822,0.9
2073,0.18396352,0.05
2074,0.42468357,0.56
2075,0.11644233,0.026
2076,0.35260993,0.18
2077,0.21407059,0.394
2078,0.44414225,0.46
2079,0.40818232,0.63
2080,0.1299452,0.13
2081,0.037656203,0.00192
2082,0.5011052,0.074
2083,0.15387225,0.1
2084,0.34417817,0.27
2085,0.39979535,0.38
2086,0.28128916,0.13
2087,0.20229217,0.01
2088,0.42843348,0.34
2089,0.15701191,0.08
2090,0.13009706,0.005
2091,0.71249396,1.0
2092,0.003664419,0.017
2093,0.28103566,0.13
2094,0.61802053,0.75
2095,0.48384112,0.34
2096,0.5649112,0.5
2097,0.29310793,0.57
2098,0.6959657,0.57
2099,0.35002077,0.16
2100,0.6807169,0.93
2101,0.019600198,0.00324
2102,-0.052929565,0.016
2103,0.34942067,0.21
2104,0.68123263,0.62
2105,0.18995214,0.49
2106,0.33486563,0.11
2107,0.47096467,0.61
2108,0.37344217,0.638
2109,0.43655902,0.85
2110,0.40238625,0.34
2111,0.74510604,0.86
2112,0.33452946,0.23
2113,0.22000542,0.109
2114,0.24306583,0.011
2115,0.16112474,0.16
2116,0.44377387,0.173
2117,0.6317938,0.78
2118,-0.08718948,1e-04
2119,0.68569106,0.2
2120,0.32952476,0.33
2121,0.35373437,0.72
2122,0.52874005,0.42
2123,0.7717789,0.85
2124,0.37948292,0.45
2125,0.1662247,0.014
2126,0.7021449,0.69
2127,1.0473013,0.87
2128,0.83070254,0.8
2129,0.26334813,0.24
2130,0.100193225,0.01
2131,0.25971124,0.42
2132,0.70848054,0.73
2133,0.42921364,0.93
2134,0.55023575,0.6968
2135,0.5393614,0.09
2136,0.6741145,0.59
2137,0.3428455,0.163
2138,0.30828774,0.34
2139,0.48125625,0.5
2140,0.13462174,0.1322
2141,0.18953086,0.19
2142,0.104819134,0.06
2143,0.30817565,0.32
2144,0.2501122,0.12
2145,0.36538553,0.68
2146,0.43045437,0.42
2147,0.09217537,0.00168
2148,0.21059442,0.44
2149,0.14297941,0.075
2150,0.25916526,0.17
2151,0.26446423,0.2
2152,0.12459056,0.034
2153,0.2221277,0.00084
2154,0.5820911,0.616
2155,0.1523153,0.0078
2156,0.0011561066,0.0
2157,0.1296992,0.046
2158,0.069173574,0.021
2159,0.36410922,0.46
2160,0.45419312,0.5
2161,0.3795065,0.088
2162,0.63466275,1.0
2163,0.1655215,0.051
2164,0.17619403,0.628
2165,0.2271641,0.16
2166,0.46588355,0.55
2167,0.36285353,0.51
2168,0.40875724,0.55
2169,0.12708499,0.11
2170,0.1710973,0.051
2171,0.08934479,0.36
2172,0.26462913,0.26
2173,0.63830066,0.71
2174,0.89583933,0.88
2175,0.3887164,0.604
2176,0.26365906,0.3
2177,0.22773649,0.06
2178,0.066116154,0.058
2179,0.18714604,0.13
2180,0.57869524,0.91
2181,0.14089195,0.14
2182,0.3264892,0.2
2183,0.23474047,0.13
2184,0.1889975,0.1
2185,0.0093792975,0.05
2186,0.060957313,0.078
2187,0.22783776,0.17
2188,0.464787,0.26
2189,0.45841497,0.35
2190,0.47044724,0.57
2191,0.7164536,0.88
2192,0.5745947,0.691
2193,0.090067774,0.00046
2194,0.27505845,0.72
2195,0.6684903,0.542
2196,0.15060872,0.05
2197,0.5213782,0.53
2198,0.33275074,0.02
2199,0.5585297,0.54
2200,0.27045938,0.34
2201,0.10623559,0.09
2202,0.9451833,0.87
2203,0.13233635,0.0449
2204,0.19339207,0.02
2205,0.52302986,0.52
2206,0.06971273,0.0078
2207,0.23652872,0.27
2208,0.7418133,0.83
2209,0.47143126,0.75
2210,0.73999053,0.97
2211,0.07223678,0.02
2212,0.4579789,0.26
2213,0.66094494,0.863
2214,0.5660903,0.1
2215,0.053135067,0.015
2216,0.14672163,0.053
2217,0.21066421,0.21
2218,0.49110782,0.16
2219,0.30734447,0.26
2220,0.045088977,0.002
2221,0.083416596,1e-04
2222,0.099261366,0.002
2223,0.07026735,0.0057
2224,0.06065789,0.03
2225,0.3061862,0.339
2226,0.041869774,0.01
2227,0.14117646,0.02
2228,0.271855,0.02
2229,0.4863696,0.54
2230,0.6286209,0.58
2231,0.19307739,0.03
2232,0.35172588,0.52
2233,0.80453885,0.69
2234,0.07509504,0.05
2235,0.5919155,0.59
2236,0.62668294,0.66
2237,0.18889216,0.33
2238,0.41804904,0.06
2239,0.076422274,0.003
2240,0.29136497,0.02
2241,0.40661758,0.45
2242,0.10838908,0.157
2243,0.077797055,0.1011
2244,0.26145983,0.17
2245,0.010417864,0.003
2246,0.19128615,0.28
2247,0.5908502,0.52
2248,0.14152452,0.004
2249,0.45692486,0.44
2250,0.65489423,0.74
2251,0.75494653,0.82
2252,0.16955048,0.11
2253,0.06916124,0.01
2254,0.6093725,0.77
2255,0.37008935,0.32
2256,0.2660769,0.191
2257,0.2552104,0.066
2258,0.33711278,0.14
2259,0.10252258,0.0346
2260,0.27623475,0.39
2261,0.5834988,0.7
2262,0.19947419,0.78
2263,0.28097898,0.22
2264,0.62008756,0.33
2265,0.21798436,0.05
2266,0.64518714,0.72
2267,0.37104803,0.29
2268,0.097288795,0.0114
2269,0.23538455,0.14
2270,0.20001249,0.072
2271,0.43279153,0.48
2272,0.23339951,0.23
2273,0.14602444,0.1
2274,0.13195074,0.031
2275,0.4303745,0.33
2276,0.45656973,0.25
2277,0.20921062,0.00013
2278,0.07688743,0.066
2279,0.0738069,0.024
2280,0.16246328,0.19
2281,0.09209008,0.11
2282,0.16636074,0.082
2283,0.68439275,0.926
2284,0.6240531,0.72
2285,0.19577838,0.07
2286,0.30379134,0.27
2287,0.8668366,0.97
2288,0.15173501,0.098
2289,0.42622206,0.88
